CamperID,Forename,Surname,Date of Birth
1,Coleman,Cuneo,01/08/1997
2,Rachel,Larrison,18/07/1954
3,Dwayne,Maddalena,10/03/1956
4,Angelique,Schermerhorn,08/04/1956
5,Junior,Wadlinger,24/05/1963
6,Darrel,Tork,13/06/1965
7,Lana,Garrigus,08/05/1968
8,Jonathon,Waldall,20/12/1971
9,Kristine,Paker,24/12/1971
10,Dwain,Agricola,20/04/1976
11,Jewel,Agresta,21/05/1976
12,Georgette,Bandyk,13/04/1977
13,Geri,Forness,02/11/1978
14,Modesto,Scroggie,14/02/1981
15,Curt,Menedez,24/02/1984
16,Karen,Zombo,01/08/1984
17,Lora,Lendor,12/12/1985
18,Felipe,Mahone,22/04/1986
19,Rosalyn,Daulton,20/10/1986
20,Marquita,Bousman,15/11/1986
21,Carla,Sirbaugh,30/01/1987
22,Wes,Fontanella,06/10/1988
23,Meredith,Ivrin,05/03/1990
24,Laurie,Bigg,11/01/1992
25,Barton,Friesner,25/06/1992
26,Sophie,Langner,20/04/2002
27,Garfield,Lijewski,24/10/2002
28,Warren,Speach,21/12/2004
29,Madonna,Cosby,20/12/2005
30,Valeria,Lingbeek,22/12/2005
31,Heath,Vanalphen,18/03/2006
32,Marisa,Woldridge,23/04/2007
33,Rene,Dummermuth,24/07/2007
34,Helga,Windle,20/08/2007
35,Margot,Arenburg,02/08/1997
36,Sheila,Holloran,05/08/1993
37,Melinda,Carleton,07/05/1985
38,Ike,Zeolla,29/07/2012
39,Elmo,Dagenais,04/08/2012
40,Valentine,Granberry,19/03/2014
